{"cameraMode":{"drawMode":0,"name":"Shaded","section":"Shading Mode"},"sceneLighting":false,"audioPlay":false,"sceneViewState":{"showFog":true,"showMaterialUpdate":false,"showSkybox":false,"showFlares":true,"showImageEffects":true,"showParticleSystems":true},"in2DMode":false,"pivot":{"x":446.4469909667969,"y":0.9025874137878418,"z":481.1928405761719},"rotation":{"x":0.11222148686647415,"y":0.691372275352478,"z":-0.11001941561698914,"w":0.7052032947540283},"size":3.9247446060180666,"orthographic":false}