{"cameraMode":{"drawMode":0,"name":"Shaded","section":"Shading Mode"},"sceneLighting":false,"audioPlay":false,"sceneViewState":{"showFog":true,"showMaterialUpdate":false,"showSkybox":false,"showFlares":true,"showImageEffects":true,"showParticleSystems":true},"in2DMode":false,"pivot":{"x":444.4283447265625,"y":1.165691614151001,"z":481.9862060546875},"rotation":{"x":-0.018323391675949098,"y":0.978839099407196,"z":-0.17691543698310853,"w":-0.10137517750263214},"size":3.624744415283203,"orthographic":false}