{"cameraMode":{"drawMode":0,"name":"Shaded","section":"Shading Mode"},"sceneLighting":true,"audioPlay":false,"sceneViewState":{"m_AlwaysRefresh":false,"showFog":true,"showSkybox":true,"showFlares":true,"showImageEffects":true,"showParticleSystems":true,"showVisualEffectGraphs":true,"m_FxEnabled":true},"in2DMode":false,"pivot":{"x":651.7188110351563,"y":-29.290822982788087,"z":359.36883544921877},"rotation":{"x":0.045283664017915729,"y":0.9028778672218323,"z":-0.09752189368009567,"w":0.41654664278030398},"size":94.85807037353516,"orthographic":false}